insert into Passbook (Credit, Debit, CustomerID, TransactionDate) values (0, 0, 1, '2017/08/14');
insert into Passbook (Credit, Debit, CustomerID, TransactionDate) values (0, 0, 2, '2017/01/27');
insert into Passbook (Credit, Debit, CustomerID, TransactionDate) values (0, 0, 3, '2017/04/27');
insert into Passbook (Credit, Debit, CustomerID, TransactionDate) values (0, 0, 4, '2017/03/06');
insert into Passbook (Credit, Debit, CustomerID, TransactionDate) values (0, 0, 5, '2017/07/06');
insert into Passbook (Credit, Debit, CustomerID, TransactionDate) values (0, 0, 6, '2017/06/25');
insert into Passbook (Credit, Debit, CustomerID, TransactionDate) values (0, 0, 7, '2016/12/20');
insert into Passbook (Credit, Debit, CustomerID, TransactionDate) values (0, 0, 8, '2017/07/24');
insert into Passbook (Credit, Debit, CustomerID, TransactionDate) values (0, 0, 9, '2016/10/19');
insert into Passbook (Credit, Debit, CustomerID, TransactionDate) values (0, 0, 10, '2017/05/12');
insert into Passbook (Credit, Debit, CustomerID, TransactionDate) values (0, 0, 11, '2017/04/25');
insert into Passbook (Credit, Debit, CustomerID, TransactionDate) values (0, 0, 12, '2017/07/21');
insert into Passbook (Credit, Debit, CustomerID, TransactionDate) values (0, 0, 13, '2017/08/23');
insert into Passbook (Credit, Debit, CustomerID, TransactionDate) values (0, 0, 14, '2016/10/29');
insert into Passbook (Credit, Debit, CustomerID, TransactionDate) values (0, 0, 15, '2016/10/09');
insert into Passbook (Credit, Debit, CustomerID, TransactionDate) values (0, 0, 16, '2017/06/21');
insert into Passbook (Credit, Debit, CustomerID, TransactionDate) values (0, 0, 17, '2016/11/15');
insert into Passbook (Credit, Debit, CustomerID, TransactionDate) values (0, 0, 18, '2017/01/05');
insert into Passbook (Credit, Debit, CustomerID, TransactionDate) values (0, 0, 19, '2017/04/25');
insert into Passbook (Credit, Debit, CustomerID, TransactionDate) values (0, 0, 20, '2017/03/21');
insert into Passbook (Credit, Debit, CustomerID, TransactionDate) values (0, 0, 21, '2017/01/22');
insert into Passbook (Credit, Debit, CustomerID, TransactionDate) values (0, 0, 22, '2017/03/22');
insert into Passbook (Credit, Debit, CustomerID, TransactionDate) values (0, 0, 23, '2017/07/08');
insert into Passbook (Credit, Debit, CustomerID, TransactionDate) values (0, 0, 24, '2017/07/20');
insert into Passbook (Credit, Debit, CustomerID, TransactionDate) values (0, 0, 25, '2017/05/21');
insert into Passbook (Credit, Debit, CustomerID, TransactionDate) values (0, 0, 26, '2016/09/21');
insert into Passbook (Credit, Debit, CustomerID, TransactionDate) values (0, 0, 27, '2016/09/10');
insert into Passbook (Credit, Debit, CustomerID, TransactionDate) values (0, 0, 28, '2017/06/03');
insert into Passbook (Credit, Debit, CustomerID, TransactionDate) values (0, 0, 29, '2017/03/24');
insert into Passbook (Credit, Debit, CustomerID, TransactionDate) values (0, 0, 30, '2017/08/02');
insert into Passbook (Credit, Debit, CustomerID, TransactionDate) values (0, 0, 31, '2017/05/22');
insert into Passbook (Credit, Debit, CustomerID, TransactionDate) values (0, 0, 32, '2016/10/28');
insert into Passbook (Credit, Debit, CustomerID, TransactionDate) values (0, 0, 33, '2017/04/18');
insert into Passbook (Credit, Debit, CustomerID, TransactionDate) values (0, 0, 34, '2017/02/22');
insert into Passbook (Credit, Debit, CustomerID, TransactionDate) values (0, 0, 35, '2017/02/03');
insert into Passbook (Credit, Debit, CustomerID, TransactionDate) values (0, 0, 36, '2017/07/16');
insert into Passbook (Credit, Debit, CustomerID, TransactionDate) values (0, 0, 37, '2017/04/21');
insert into Passbook (Credit, Debit, CustomerID, TransactionDate) values (0, 0, 38, '2017/01/11');
insert into Passbook (Credit, Debit, CustomerID, TransactionDate) values (0, 0, 39, '2016/12/03');
insert into Passbook (Credit, Debit, CustomerID, TransactionDate) values (0, 0, 40, '2017/06/14');
insert into Passbook (Credit, Debit, CustomerID, TransactionDate) values (0, 0, 41, '2017/05/21');
insert into Passbook (Credit, Debit, CustomerID, TransactionDate) values (0, 0, 42, '2016/12/07');
insert into Passbook (Credit, Debit, CustomerID, TransactionDate) values (0, 0, 43, '2016/11/21');
insert into Passbook (Credit, Debit, CustomerID, TransactionDate) values (0, 0, 44, '2017/08/23');
insert into Passbook (Credit, Debit, CustomerID, TransactionDate) values (0, 0, 45, '2017/02/23');
insert into Passbook (Credit, Debit, CustomerID, TransactionDate) values (0, 0, 46, '2017/02/13');
insert into Passbook (Credit, Debit, CustomerID, TransactionDate) values (0, 0, 47, '2017/05/05');
insert into Passbook (Credit, Debit, CustomerID, TransactionDate) values (0, 0, 48, '2017/07/09');
insert into Passbook (Credit, Debit, CustomerID, TransactionDate) values (0, 0, 49, '2017/08/16');
insert into Passbook (Credit, Debit, CustomerID, TransactionDate) values (0, 0, 50, '2017/05/14');
insert into Passbook (Credit, Debit, CustomerID, TransactionDate) values (0, 0, 51, '2017/03/22');
insert into Passbook (Credit, Debit, CustomerID, TransactionDate) values (0, 0, 52, '2016/10/28');
insert into Passbook (Credit, Debit, CustomerID, TransactionDate) values (0, 0, 53, '2017/02/28');
insert into Passbook (Credit, Debit, CustomerID, TransactionDate) values (0, 0, 54, '2017/06/05');
insert into Passbook (Credit, Debit, CustomerID, TransactionDate) values (0, 0, 55, '2016/10/08');
insert into Passbook (Credit, Debit, CustomerID, TransactionDate) values (0, 0, 56, '2017/08/29');
insert into Passbook (Credit, Debit, CustomerID, TransactionDate) values (0, 0, 57, '2017/02/27');
insert into Passbook (Credit, Debit, CustomerID, TransactionDate) values (0, 0, 58, '2017/05/30');
insert into Passbook (Credit, Debit, CustomerID, TransactionDate) values (0, 0, 59, '2017/03/02');
insert into Passbook (Credit, Debit, CustomerID, TransactionDate) values (0, 0, 60, '2017/03/16');
insert into Passbook (Credit, Debit, CustomerID, TransactionDate) values (0, 0, 61, '2017/07/24');
insert into Passbook (Credit, Debit, CustomerID, TransactionDate) values (0, 0, 62, '2016/09/21');
insert into Passbook (Credit, Debit, CustomerID, TransactionDate) values (0, 0, 63, '2017/06/03');
insert into Passbook (Credit, Debit, CustomerID, TransactionDate) values (0, 0, 64, '2016/10/31');
insert into Passbook (Credit, Debit, CustomerID, TransactionDate) values (0, 0, 65, '2017/06/07');
insert into Passbook (Credit, Debit, CustomerID, TransactionDate) values (0, 0, 66, '2017/06/06');
insert into Passbook (Credit, Debit, CustomerID, TransactionDate) values (0, 0, 67, '2017/08/03');
insert into Passbook (Credit, Debit, CustomerID, TransactionDate) values (0, 0, 68, '2017/03/28');
insert into Passbook (Credit, Debit, CustomerID, TransactionDate) values (0, 0, 69, '2017/04/22');
insert into Passbook (Credit, Debit, CustomerID, TransactionDate) values (0, 0, 70, '2017/06/21');
insert into Passbook (Credit, Debit, CustomerID, TransactionDate) values (0, 0, 71, '2016/10/12');
insert into Passbook (Credit, Debit, CustomerID, TransactionDate) values (0, 0, 72, '2017/03/21');
insert into Passbook (Credit, Debit, CustomerID, TransactionDate) values (0, 0, 73, '2017/02/20');
insert into Passbook (Credit, Debit, CustomerID, TransactionDate) values (0, 0, 74, '2017/07/31');
insert into Passbook (Credit, Debit, CustomerID, TransactionDate) values (0, 0, 75, '2017/06/25');
insert into Passbook (Credit, Debit, CustomerID, TransactionDate) values (0, 0, 76, '2016/11/30');
insert into Passbook (Credit, Debit, CustomerID, TransactionDate) values (0, 0, 77, '2016/11/10');
insert into Passbook (Credit, Debit, CustomerID, TransactionDate) values (0, 0, 78, '2016/12/27');
insert into Passbook (Credit, Debit, CustomerID, TransactionDate) values (0, 0, 79, '2017/05/21');
insert into Passbook (Credit, Debit, CustomerID, TransactionDate) values (0, 0, 80, '2016/11/11');


insert into Promos (CustomerID, PromoCode, Amount, isRedeemed) values (1, 1, 200, 0);
insert into Promos (CustomerID, PromoCode, Amount, isRedeemed) values (2, 2, 400, 1);
insert into Promos (CustomerID, PromoCode, Amount, isRedeemed) values (3, 3, 700, 0);
insert into Promos (CustomerID, PromoCode, Amount, isRedeemed) values (4, 4, 500, 0);
insert into Promos (CustomerID, PromoCode, Amount, isRedeemed) values (5, 5, 700, 0);
insert into Promos (CustomerID, PromoCode, Amount, isRedeemed) values (6, 6, 500, 1);
insert into Promos (CustomerID, PromoCode, Amount, isRedeemed) values (7, 7, 400, 0);
insert into Promos (CustomerID, PromoCode, Amount, isRedeemed) values (8, 8, 700, 0);
insert into Promos (CustomerID, PromoCode, Amount, isRedeemed) values (9, 9, 600, 1);
insert into Promos (CustomerID, PromoCode, Amount, isRedeemed) values (10, 10, 700, 0);
insert into Promos (CustomerID, PromoCode, Amount, isRedeemed) values (11, 11, 700, 1);
insert into Promos (CustomerID, PromoCode, Amount, isRedeemed) values (12, 12, 600, 0);
insert into Promos (CustomerID, PromoCode, Amount, isRedeemed) values (13, 13, 100, 1);
insert into Promos (CustomerID, PromoCode, Amount, isRedeemed) values (14, 14, 400, 0);
insert into Promos (CustomerID, PromoCode, Amount, isRedeemed) values (15, 15, 200, 0);
insert into Promos (CustomerID, PromoCode, Amount, isRedeemed) values (16, 16, 300, 0);
insert into Promos (CustomerID, PromoCode, Amount, isRedeemed) values (17, 17, 200, 1);
insert into Promos (CustomerID, PromoCode, Amount, isRedeemed) values (18, 18, 700, 1);
insert into Promos (CustomerID, PromoCode, Amount, isRedeemed) values (19, 19, 700, 0);
insert into Promos (CustomerID, PromoCode, Amount, isRedeemed) values (20, 20, 600, 1);
insert into Promos (CustomerID, PromoCode, Amount, isRedeemed) values (21, 21, 500, 1);
insert into Promos (CustomerID, PromoCode, Amount, isRedeemed) values (22, 22, 700, 1);
insert into Promos (CustomerID, PromoCode, Amount, isRedeemed) values (23, 23, 600, 1);
insert into Promos (CustomerID, PromoCode, Amount, isRedeemed) values (24, 24, 100, 0);
insert into Promos (CustomerID, PromoCode, Amount, isRedeemed) values (25, 25, 400, 1);
insert into Promos (CustomerID, PromoCode, Amount, isRedeemed) values (26, 26, 100, 0);
insert into Promos (CustomerID, PromoCode, Amount, isRedeemed) values (27, 27, 700, 1);
insert into Promos (CustomerID, PromoCode, Amount, isRedeemed) values (28, 28, 500, 1);
insert into Promos (CustomerID, PromoCode, Amount, isRedeemed) values (29, 29, 700, 1);
insert into Promos (CustomerID, PromoCode, Amount, isRedeemed) values (30, 30, 400, 1);
insert into Promos (CustomerID, PromoCode, Amount, isRedeemed) values (31, 31, 700, 1);
insert into Promos (CustomerID, PromoCode, Amount, isRedeemed) values (32, 32, 500, 0);
insert into Promos (CustomerID, PromoCode, Amount, isRedeemed) values (33, 33, 500, 0);
insert into Promos (CustomerID, PromoCode, Amount, isRedeemed) values (34, 34, 600, 0);
insert into Promos (CustomerID, PromoCode, Amount, isRedeemed) values (35, 35, 100, 1);
insert into Promos (CustomerID, PromoCode, Amount, isRedeemed) values (36, 36, 300, 1);
insert into Promos (CustomerID, PromoCode, Amount, isRedeemed) values (37, 37, 200, 0);
insert into Promos (CustomerID, PromoCode, Amount, isRedeemed) values (38, 38, 400, 0);
insert into Promos (CustomerID, PromoCode, Amount, isRedeemed) values (39, 39, 500, 1);
insert into Promos (CustomerID, PromoCode, Amount, isRedeemed) values (40, 40, 400, 0);
insert into Promos (CustomerID, PromoCode, Amount, isRedeemed) values (41, 41, 700, 0);
insert into Promos (CustomerID, PromoCode, Amount, isRedeemed) values (42, 42, 200, 0);
insert into Promos (CustomerID, PromoCode, Amount, isRedeemed) values (43, 43, 700, 1);
insert into Promos (CustomerID, PromoCode, Amount, isRedeemed) values (44, 44, 600, 1);
insert into Promos (CustomerID, PromoCode, Amount, isRedeemed) values (45, 45, 200, 0);
insert into Promos (CustomerID, PromoCode, Amount, isRedeemed) values (46, 46, 400, 0);
insert into Promos (CustomerID, PromoCode, Amount, isRedeemed) values (47, 47, 300, 1);
insert into Promos (CustomerID, PromoCode, Amount, isRedeemed) values (48, 48, 500, 1);
insert into Promos (CustomerID, PromoCode, Amount, isRedeemed) values (49, 49, 400, 0);
insert into Promos (CustomerID, PromoCode, Amount, isRedeemed) values (50, 50, 700, 1);
insert into Promos (CustomerID, PromoCode, Amount, isRedeemed) values (51, 51, 400, 1);
insert into Promos (CustomerID, PromoCode, Amount, isRedeemed) values (52, 52, 600, 0);
insert into Promos (CustomerID, PromoCode, Amount, isRedeemed) values (53, 53, 600, 1);
insert into Promos (CustomerID, PromoCode, Amount, isRedeemed) values (54, 54, 200, 1);
insert into Promos (CustomerID, PromoCode, Amount, isRedeemed) values (55, 55, 100, 1);
insert into Promos (CustomerID, PromoCode, Amount, isRedeemed) values (56, 56, 500, 1);
insert into Promos (CustomerID, PromoCode, Amount, isRedeemed) values (57, 57, 700, 1);
insert into Promos (CustomerID, PromoCode, Amount, isRedeemed) values (58, 58, 300, 1);
insert into Promos (CustomerID, PromoCode, Amount, isRedeemed) values (59, 59, 400, 1);
insert into Promos (CustomerID, PromoCode, Amount, isRedeemed) values (60, 60, 600, 0);
insert into Promos (CustomerID, PromoCode, Amount, isRedeemed) values (61, 61, 600, 1);
insert into Promos (CustomerID, PromoCode, Amount, isRedeemed) values (62, 62, 600, 1);
insert into Promos (CustomerID, PromoCode, Amount, isRedeemed) values (63, 63, 700, 1);
insert into Promos (CustomerID, PromoCode, Amount, isRedeemed) values (64, 64, 100, 0);
insert into Promos (CustomerID, PromoCode, Amount, isRedeemed) values (65, 65, 500, 0);
insert into Promos (CustomerID, PromoCode, Amount, isRedeemed) values (66, 66, 300, 1);
insert into Promos (CustomerID, PromoCode, Amount, isRedeemed) values (67, 67, 700, 0);
insert into Promos (CustomerID, PromoCode, Amount, isRedeemed) values (68, 68, 700, 0);
insert into Promos (CustomerID, PromoCode, Amount, isRedeemed) values (69, 69, 100, 0);
insert into Promos (CustomerID, PromoCode, Amount, isRedeemed) values (70, 70, 500, 1);
insert into Promos (CustomerID, PromoCode, Amount, isRedeemed) values (71, 71, 700, 1);
insert into Promos (CustomerID, PromoCode, Amount, isRedeemed) values (72, 72, 500, 1);
insert into Promos (CustomerID, PromoCode, Amount, isRedeemed) values (73, 73, 700, 0);
insert into Promos (CustomerID, PromoCode, Amount, isRedeemed) values (74, 74, 200, 0);
insert into Promos (CustomerID, PromoCode, Amount, isRedeemed) values (75, 75, 300, 0);
insert into Promos (CustomerID, PromoCode, Amount, isRedeemed) values (76, 76, 700, 0);
insert into Promos (CustomerID, PromoCode, Amount, isRedeemed) values (77, 77, 100, 1);
insert into Promos (CustomerID, PromoCode, Amount, isRedeemed) values (78, 78, 300, 1);
insert into Promos (CustomerID, PromoCode, Amount, isRedeemed) values (79, 79, 400, 0);
insert into Promos (CustomerID, PromoCode, Amount, isRedeemed) values (80, 80, 500, 1);

select * from Promos;

insert into CabCondition (CabID, Problem, ProblemDate, Solved) values (1, 'quisque porta volutpat erat quisque erat eros viverra eget congue eget', '2017/01/10', 0);
insert into CabCondition (CabID, Problem, ProblemDate, Solved) values (2, 'at dolor quis odio consequat varius integer ac leo pellentesque', '2017/07/26', 0);
insert into CabCondition (CabID, Problem, ProblemDate, Solved) values (3, 'cras in purus eu magna vulputate luctus cum sociis natoque', '2017/06/16', 0);
insert into CabCondition (CabID, Problem, ProblemDate, Solved) values (4, 'ligula pellentesque ultrices phasellus id sapien in sapien iaculis congue vivamus metus arcu adipiscing', '2017/08/28', 0);
insert into CabCondition (CabID, Problem, ProblemDate, Solved) values (5, 'tellus nisi eu orci mauris lacinia sapien quis libero nullam sit amet turpis elementum ligula vehicula consequat morbi a', '2017/02/02', 0);
insert into CabCondition (CabID, Problem, ProblemDate, Solved) values (6, 'curabitur convallis duis consequat dui nec nisi volutpat eleifend donec ut dolor morbi vel lectus in quam fringilla rhoncus', '2017/06/25', 0);
insert into CabCondition (CabID, Problem, ProblemDate, Solved) values (7, 'purus sit amet nulla quisque arcu libero rutrum ac lobortis vel dapibus at diam nam tristique tortor', '2016/11/29', 0);
insert into CabCondition (CabID, Problem, ProblemDate, Solved) values (8, 'in congue etiam justo etiam pretium iaculis justo in hac habitasse platea dictumst', '2017/07/12', 0);
insert into CabCondition (CabID, Problem, ProblemDate, Solved) values (9, 'proin interdum mauris non ligula pellentesque ultrices phasellus id sapien in sapien iaculis congue', '2016/12/28', 0);
insert into CabCondition (CabID, Problem, ProblemDate, Solved) values (10, 'suscipit a feugiat et eros vestibulum ac est lacinia nisi venenatis tristique fusce congue', '2017/04/18', 0);
insert into CabCondition (CabID, Problem, ProblemDate, Solved) values (11, 'id massa id nisl venenatis lacinia aenean sit amet justo morbi ut', '2017/05/14', 0);
insert into CabCondition (CabID, Problem, ProblemDate, Solved) values (12, 'et ultrices posuere cubilia curae duis faucibus accumsan odio curabitur convallis duis consequat dui nec', '2017/06/23', 0);
insert into CabCondition (CabID, Problem, ProblemDate, Solved) values (13, 'praesent blandit nam nulla integer pede justo lacinia eget tincidunt eget tempus vel pede morbi porttitor lorem id', '2017/04/04', 0);
insert into CabCondition (CabID, Problem, ProblemDate, Solved) values (14, 'nunc viverra dapibus nulla suscipit ligula in lacus curabitur at ipsum ac tellus semper', '2016/10/08', 0);
insert into CabCondition (CabID, Problem, ProblemDate, Solved) values (15, 'justo morbi ut odio cras mi pede malesuada in imperdiet et commodo vulputate justo in', '2017/01/23', 0);
insert into CabCondition (CabID, Problem, ProblemDate, Solved) values (16, 'cursus urna ut tellus nulla ut erat id mauris vulputate elementum nullam varius nulla facilisi', '2017/01/19', 0);
insert into CabCondition (CabID, Problem, ProblemDate, Solved) values (17, 'volutpat sapien arcu sed augue aliquam erat volutpat in congue etiam justo', '2017/02/10', 0);
insert into CabCondition (CabID, Problem, ProblemDate, Solved) values (18, 'sit amet consectetuer adipiscing elit proin risus praesent lectus vestibulum quam sapien varius ut blandit non', '2017/04/16', 0);
insert into CabCondition (CabID, Problem, ProblemDate, Solved) values (19, 'in quam fringilla rhoncus mauris enim leo rhoncus sed vestibulum sit amet cursus id turpis integer', '2017/04/14', 0);
insert into CabCondition (CabID, Problem, ProblemDate, Solved) values (20, 'odio consequat varius integer ac leo pellentesque ultrices mattis odio donec vitae nisi nam ultrices', '2017/06/10', 0);

select * from CabCondition;